{"cameraMode":{"drawMode":0,"name":"Shaded","section":"Shading Mode"},"sceneLighting":false,"audioPlay":false,"sceneViewState":{"m_AlwaysRefresh":false,"showFog":true,"showSkybox":false,"showFlares":true,"showImageEffects":true,"showParticleSystems":true,"showVisualEffectGraphs":true,"m_FxEnabled":true},"in2DMode":false,"pivot":{"x":10.229599952697754,"y":2.4576950073242189,"z":-5.5881452560424809},"rotation":{"x":0.09249252825975418,"y":-0.3468511402606964,"z":0.03431525453925133,"w":0.9327531456947327},"size":9.343714714050293,"orthographic":false}