{"cameraMode":{"drawMode":0,"name":"Shaded","section":"Shading Mode"},"sceneLighting":false,"audioPlay":false,"sceneViewState":{"m_AlwaysRefresh":false,"showFog":true,"showSkybox":false,"showFlares":true,"showImageEffects":true,"showParticleSystems":true,"showVisualEffectGraphs":true,"m_FxEnabled":true},"in2DMode":false,"pivot":{"x":20.95201301574707,"y":-3.9277236461639406,"z":4.201312065124512},"rotation":{"x":0.056192316114902499,"y":0.5480453372001648,"z":-0.03696718066930771,"w":0.8337759971618652},"size":22.496095657348634,"orthographic":false}