{"cameraMode":{"drawMode":0,"name":"Shaded","section":"Shading Mode"},"sceneLighting":true,"audioPlay":false,"sceneViewState":{"m_AlwaysRefresh":false,"showFog":true,"showSkybox":true,"showFlares":true,"showImageEffects":true,"showParticleSystems":true,"showVisualEffectGraphs":true,"m_FxEnabled":true},"in2DMode":false,"pivot":{"x":22.41506576538086,"y":-22.364622116088868,"z":126.41014862060547},"rotation":{"x":0.10760249197483063,"y":0.006950215436518192,"z":-0.0007912628934718669,"w":0.9942027926445007},"size":118.3351058959961,"orthographic":false}